-- ============================================
-- ANS - Seed Data
-- Run AFTER schema.sql, functions.sql, rls_policies.sql
-- ============================================

-- ============================================
-- CATEGORIES
-- ============================================
INSERT INTO categories (id, nama, deskripsi, icon) VALUES
  ('a1000000-0000-0000-0000-000000000001', 'Ayam Goreng', 'Produk ayam goreng crispy', '🍗'),
  ('a1000000-0000-0000-0000-000000000002', 'Minuman', 'Berbagai minuman segar', '🥤');

-- ============================================
-- 21 OUTLETS
-- ============================================
INSERT INTO outlets (id, nama, alamat, telepon, status) VALUES
  ('b1000000-0000-0000-0000-000000000001', 'Outlet Bandung 1', 'Jl. Asia Afrika No. 10, Bandung', '081200000001', 'active'),
  ('b1000000-0000-0000-0000-000000000002', 'Outlet Bandung 2', 'Jl. Braga No. 25, Bandung', '081200000002', 'active'),
  ('b1000000-0000-0000-0000-000000000003', 'Outlet Bandung 3', 'Jl. Dago No. 55, Bandung', '081200000003', 'active'),
  ('b1000000-0000-0000-0000-000000000004', 'Outlet Cimahi', 'Jl. Raya Cimahi No. 12', '081200000004', 'active'),
  ('b1000000-0000-0000-0000-000000000005', 'Outlet Garut', 'Jl. Ahmad Yani No. 8, Garut', '081200000005', 'active'),
  ('b1000000-0000-0000-0000-000000000006', 'Outlet Tasikmalaya', 'Jl. HZ Mustofa No. 30, Tasikmalaya', '081200000006', 'active'),
  ('b1000000-0000-0000-0000-000000000007', 'Outlet Sumedang', 'Jl. Prabu Geusan Ulun No. 15', '081200000007', 'active'),
  ('b1000000-0000-0000-0000-000000000008', 'Outlet Subang', 'Jl. Otista No. 22, Subang', '081200000008', 'active'),
  ('b1000000-0000-0000-0000-000000000009', 'Outlet Karawang', 'Jl. Tuparev No. 18, Karawang', '081200000009', 'active'),
  ('b1000000-0000-0000-0000-000000000010', 'Outlet Purwakarta', 'Jl. RE Martadinata No. 7, Purwakarta', '081200000010', 'active'),
  ('b1000000-0000-0000-0000-000000000011', 'Outlet Sukabumi', 'Jl. Jendral Sudirman No. 45', '081200000011', 'active'),
  ('b1000000-0000-0000-0000-000000000012', 'Outlet Cianjur', 'Jl. Dr. Muwardi No. 33, Cianjur', '081200000012', 'active'),
  ('b1000000-0000-0000-0000-000000000013', 'Outlet Bogor 1', 'Jl. Pajajaran No. 50, Bogor', '081200000013', 'active'),
  ('b1000000-0000-0000-0000-000000000014', 'Outlet Bogor 2', 'Jl. Raya Tajur No. 12, Bogor', '081200000014', 'active'),
  ('b1000000-0000-0000-0000-000000000015', 'Outlet Depok', 'Jl. Margonda Raya No. 88, Depok', '081200000015', 'active'),
  ('b1000000-0000-0000-0000-000000000016', 'Outlet Bekasi', 'Jl. Ahmad Yani No. 60, Bekasi', '081200000016', 'active'),
  ('b1000000-0000-0000-0000-000000000017', 'Outlet Tangerang', 'Jl. Daan Mogot No. 35, Tangerang', '081200000017', 'active'),
  ('b1000000-0000-0000-0000-000000000018', 'Outlet Jakarta Selatan', 'Jl. Fatmawati No. 20, Jakarta Selatan', '081200000018', 'active'),
  ('b1000000-0000-0000-0000-000000000019', 'Outlet Jakarta Timur', 'Jl. Raya Kalimalang No. 15', '081200000019', 'active'),
  ('b1000000-0000-0000-0000-000000000020', 'Outlet Jakarta Barat', 'Jl. Puri Kencana No. 9, Jakarta Barat', '081200000020', 'active'),
  ('b1000000-0000-0000-0000-000000000021', 'Outlet Cikarang', 'Jl. MH Thamrin No. 5, Cikarang', '081200000021', 'active');

-- ============================================
-- PRODUCTS - Ayam Goreng
-- ============================================
INSERT INTO products (id, category_id, nama, satuan, hpp, margin_persen, harga_jual, is_active) VALUES
  ('c1000000-0000-0000-0000-000000000001', 'a1000000-0000-0000-0000-000000000001', 'Ayam Goreng Original (Dada)', 'pcs', 7500, 80, 13500, true),
  ('c1000000-0000-0000-0000-000000000002', 'a1000000-0000-0000-0000-000000000001', 'Ayam Goreng Original (Paha Atas)', 'pcs', 7000, 80, 12600, true),
  ('c1000000-0000-0000-0000-000000000003', 'a1000000-0000-0000-0000-000000000001', 'Ayam Goreng Original (Paha Bawah)', 'pcs', 6500, 80, 11700, true),
  ('c1000000-0000-0000-0000-000000000004', 'a1000000-0000-0000-0000-000000000001', 'Ayam Goreng Original (Sayap)', 'pcs', 5500, 80, 9900, true),
  ('c1000000-0000-0000-0000-000000000005', 'a1000000-0000-0000-0000-000000000001', 'Ayam Goreng Spicy (Dada)', 'pcs', 8000, 75, 14000, true),
  ('c1000000-0000-0000-0000-000000000006', 'a1000000-0000-0000-0000-000000000001', 'Ayam Goreng Spicy (Paha Atas)', 'pcs', 7500, 75, 13125, true),
  ('c1000000-0000-0000-0000-000000000007', 'a1000000-0000-0000-0000-000000000001', 'Ayam Goreng Spicy (Paha Bawah)', 'pcs', 7000, 75, 12250, true),
  ('c1000000-0000-0000-0000-000000000008', 'a1000000-0000-0000-0000-000000000001', 'Ayam Goreng Spicy (Sayap)', 'pcs', 6000, 75, 10500, true);

-- ============================================
-- PRODUCTS - Minuman
-- ============================================
INSERT INTO products (id, category_id, nama, satuan, hpp, margin_persen, harga_jual, is_active) VALUES
  ('c1000000-0000-0000-0000-000000000009', 'a1000000-0000-0000-0000-000000000002', 'Es Teh Manis', 'cup', 1500, 200, 4500, true),
  ('c1000000-0000-0000-0000-000000000010', 'a1000000-0000-0000-0000-000000000002', 'Es Jeruk', 'cup', 2500, 160, 6500, true),
  ('c1000000-0000-0000-0000-000000000011', 'a1000000-0000-0000-0000-000000000002', 'Es Teh Lemon', 'cup', 2000, 175, 5500, true),
  ('c1000000-0000-0000-0000-000000000012', 'a1000000-0000-0000-0000-000000000002', 'Air Mineral', 'botol', 1000, 300, 4000, true),
  ('c1000000-0000-0000-0000-000000000013', 'a1000000-0000-0000-0000-000000000002', 'Es Milo', 'cup', 3000, 133, 7000, true),
  ('c1000000-0000-0000-0000-000000000014', 'a1000000-0000-0000-0000-000000000002', 'Float Cola', 'cup', 3500, 143, 8500, true);

-- ============================================
-- INGREDIENTS (Bahan Baku)
-- ============================================
INSERT INTO ingredients (id, nama, harga_per_unit, satuan) VALUES
  ('d1000000-0000-0000-0000-000000000001', 'Ayam Potong', 38000, 'kg'),
  ('d1000000-0000-0000-0000-000000000002', 'Tepung Bumbu', 15000, 'kg'),
  ('d1000000-0000-0000-0000-000000000003', 'Minyak Goreng', 18000, 'liter'),
  ('d1000000-0000-0000-0000-000000000004', 'Bumbu Rempah', 25000, 'kg'),
  ('d1000000-0000-0000-0000-000000000005', 'Cabai Bubuk', 45000, 'kg'),
  ('d1000000-0000-0000-0000-000000000006', 'Teh Celup', 500, 'pcs'),
  ('d1000000-0000-0000-0000-000000000007', 'Gula Pasir', 14000, 'kg'),
  ('d1000000-0000-0000-0000-000000000008', 'Jeruk', 8000, 'kg'),
  ('d1000000-0000-0000-0000-000000000009', 'Lemon', 12000, 'kg'),
  ('d1000000-0000-0000-0000-000000000010', 'Milo Sachet', 2000, 'pcs'),
  ('d1000000-0000-0000-0000-000000000011', 'Cola Botol', 2500, 'botol'),
  ('d1000000-0000-0000-0000-000000000012', 'Es Krim', 5000, 'scoop'),
  ('d1000000-0000-0000-0000-000000000013', 'Cup Plastik', 300, 'pcs'),
  ('d1000000-0000-0000-0000-000000000014', 'Es Batu', 5000, 'kg');

-- ============================================
-- WAREHOUSE STOCK
-- ============================================
INSERT INTO warehouse_stock (product_id, stok_tersedia, stok_minimum) VALUES
  ('c1000000-0000-0000-0000-000000000001', 800, 100),
  ('c1000000-0000-0000-0000-000000000002', 750, 100),
  ('c1000000-0000-0000-0000-000000000003', 700, 100),
  ('c1000000-0000-0000-0000-000000000004', 600, 80),
  ('c1000000-0000-0000-0000-000000000005', 500, 80),
  ('c1000000-0000-0000-0000-000000000006', 450, 80),
  ('c1000000-0000-0000-0000-000000000007', 400, 80),
  ('c1000000-0000-0000-0000-000000000008', 350, 60),
  ('c1000000-0000-0000-0000-000000000009', 2000, 300),
  ('c1000000-0000-0000-0000-000000000010', 1500, 200),
  ('c1000000-0000-0000-0000-000000000011', 1200, 200),
  ('c1000000-0000-0000-0000-000000000012', 3000, 500),
  ('c1000000-0000-0000-0000-000000000013', 1000, 150),
  ('c1000000-0000-0000-0000-000000000014', 800, 100);

-- ============================================
-- PRODUCT RECIPES (sample for Ayam Original Dada)
-- ============================================
INSERT INTO product_recipes (product_id, ingredient_id, jumlah_per_produk) VALUES
  -- Ayam Original Dada: 0.2kg ayam + 0.03kg tepung + 0.05L minyak + 0.005kg rempah
  ('c1000000-0000-0000-0000-000000000001', 'd1000000-0000-0000-0000-000000000001', 0.2000),
  ('c1000000-0000-0000-0000-000000000001', 'd1000000-0000-0000-0000-000000000002', 0.0300),
  ('c1000000-0000-0000-0000-000000000001', 'd1000000-0000-0000-0000-000000000003', 0.0500),
  ('c1000000-0000-0000-0000-000000000001', 'd1000000-0000-0000-0000-000000000004', 0.0050),
  -- Es Teh Manis: 1 teh celup + 0.03kg gula + 0.1kg es + 1 cup
  ('c1000000-0000-0000-0000-000000000009', 'd1000000-0000-0000-0000-000000000006', 1.0000),
  ('c1000000-0000-0000-0000-000000000009', 'd1000000-0000-0000-0000-000000000007', 0.0300),
  ('c1000000-0000-0000-0000-000000000009', 'd1000000-0000-0000-0000-000000000014', 0.1000),
  ('c1000000-0000-0000-0000-000000000009', 'd1000000-0000-0000-0000-000000000013', 1.0000);
